,RSI,Ultimate,BandRadius,Chaikin,NATR,SMA_5,SMA_20,SMA_100,SAR,Williams%R,APO,ROC_5,ROC_20,ROC_100
0,730.2237422098455,567.8715970203344,0.027616648984319512,2237625137559.4375,3.821273508189936,1.0181671881314382,1.0324643576647132,1.0285494206946568,0.3475942705305545,-1067.139737935548,0.007542092790036737,0.007154381984672474,0.02967472596405429,0.16713904251729778
1,642.9147337269999,523.3355765402977,0.02808819750710072,71143772212.84769,4.759974147880827,1.0182870323031905,1.0333753975015703,1.0317811511401074,0.35092259786878094,-1623.749131457559,0.007303573361258674,0.006709537287315427,0.02784489463551612,0.16285890302370468
