,RSI,Ultimate,BandRadius,Chaikin,NATR,SMA_5,SMA_20,SMA_100,SAR,Williams%R,APO,ROC_5,ROC_20,ROC_100
0,47.18069800132743,47.23939515000161,0.021224079198925813,-841896.0527821841,2.220031902259818,1.0104543105541945,1.022034702992407,0.9953480138526891,0.2999774914810526,-60.35534502421714,-0.0029371408175886075,-0.021615120405413746,-0.021966119337750577,0.06477778399827751
1,59.48478986209527,59.28688130581005,0.027331161586931375,2193843.5500839446,2.284727479272385,0.9848505180877302,0.971099574301014,0.9562458113365971,0.29150143235763815,-22.92795975038369,0.0020612592223973776,0.03403952061225814,0.034949048880728056,0.10133834438784567
2,43.71137626822219,46.66131378679938,0.0521841600556176,-560808.4285674427,3.382596616411777,1.0063459450671266,1.0293734152227696,1.0178538925121554,0.30353571603436436,-64.68340561669865,-0.015784318339947218,-0.011613043831459259,-0.04095303334322917,0.07712617895488895
3,69.74618993031123,59.63756388586999,0.046830456166746255,1746281.7755552577,2.7861325561345507,0.9873359096842766,0.9421011437697843,0.8196796500943302,0.2266544356549567,-18.366643313076317,0.040349314791357185,0.03523181126787722,0.13666614837505778,0.40520906409079305
4,61.509312312320475,56.4682481483918,0.0159538750768818,1074845.3278849418,1.8230784245002556,0.9947679914340516,0.971036117459994,0.9082613343561786,0.26977203187192067,-29.159494295819943,0.020580603319040366,0.014165175708758217,0.0643821210197186,0.18865097494507907
