,RSI,Ultimate,BandRadius,Chaikin,NATR,SMA_5,SMA_20,SMA_100,SAR,Williams%R,APO,ROC_5,ROC_20,ROC_100
0,44.89446384214248,44.856437631287086,0.024303855431531917,-6333740.755858306,2.8131822592922178,1.0065108888490688,1.0244061749678874,1.0592120135173995,0.9883618798048084,-59.61608480596492,-0.012758724003302689,-0.015224259473084627,-0.03562831618282619,-0.04234246881002618
1,66.08485986637312,63.28057881109573,0.039454861806822984,13535449.203542573,2.815721420146045,0.9755257737973929,0.9395164232486154,0.9161873410156165,0.49881834563919847,-9.180068210241274,0.0185818363287598,0.057537419552571065,0.09724582954100454,0.14246359389049545
2,44.55954529076716,45.50192567844283,0.03845786051512232,-2990723.272395659,3.0096704084483963,1.0207852571193112,1.0376731722715697,1.0091400617917006,0.4294501100852297,-68.00599222353195,-0.003134577326609247,-0.04012675994869476,-0.03280179059184939,0.08252867664648031
3,31.715163066515842,40.049248624741765,0.05306000215538782,-8261386.85465689,3.920474442386204,1.0201553142762132,1.077185252588169,1.1796711166430196,0.6161226744532572,-83.55107116903046,-0.045619547725260695,-0.043434947258786216,-0.13197313571431085,-0.1722314635941886
4,62.71572518966389,56.7637500055461,0.02560031636195504,6970689.269917576,2.2582116968375052,0.9982723845659487,0.9651213719092749,0.8643541531460236,0.4635334572060543,-29.97139822761843,0.03298289558654295,0.01025010640905684,0.0904654459008416,0.2528986123330049
5,48.69751454685463,52.87107414087804,0.04786464890044006,3114305.23978608,3.570818160547173,0.9869740532416783,1.0009811515405491,1.0947612715995674,0.7446679638465303,-39.37993850519457,-0.02482447545916864,0.02782656156484775,-0.026181638957046324,-0.10880840738621642
6,58.78025234501032,54.459676287920395,0.020603843822059847,2946543.6616085498,2.405560240483407,0.9891823724404694,0.9695109285567882,0.9503395567719668,0.8901822680974735,-29.851539048543657,0.013472108609454664,0.02453690417330008,0.056947839529092735,0.09220787551634341
