,RSI,Ultimate,BandRadius,Chaikin,NATR,SMA_5,SMA_20,SMA_100,SAR,Williams%R,APO,ROC_5,ROC_20,ROC_100
0,703.996697148657,543.3744527518776,0.03359222523075409,15314983140552.475,4.995186439607691,1.023163581988542,1.0500953143820284,1.1151250232340824,1.0431300005751833,-1362.4270035856396,0.0008472251791961395,0.0031469954754232868,0.012252217588915815,0.06704559417449046
