,RSI,Ultimate,BandRadius,Chaikin,NATR,SMA_5,SMA_20,SMA_100,SAR,Williams%R,APO,ROC_5,ROC_20,ROC_100
0,59.5574204463113,55.76880400490074,0.01652498193563797,175709.11483787253,1.849834883382675,0.9894990020302673,0.9710959220382527,0.9306157261510896,0.31454009046494436,-28.480937720911584,0.01166517887105063,0.02343287503162651,0.04628423339763591,0.1292539675580928
1,49.20266054752623,46.455560866666545,0.02134536747293108,-166578.9696700133,2.0041970979624377,1.0092533973041757,1.0134030570180979,0.9692673720517709,0.33353997762159293,-58.06002698592826,0.005182806550727484,-0.019085060016162378,-0.0004302716531665498,0.0966039407616697
2,39.14370876634156,40.12952911927746,0.042421964120306174,-402116.7468699864,2.9735586844599395,1.0223986270574963,1.0517755821061416,1.0541134508655463,0.36618679496768564,-79.8796726013426,-0.011872952977777906,-0.04499139999156454,-0.05308991076987206,-0.009714403602958346
3,67.14521969612025,60.86654907739103,0.037255553175814,334944.26103348064,2.6183047523996836,0.9853570617267976,0.9420283257359515,0.9109116298429226,0.3495891762830114,-13.928040916658581,0.030403544862109843,0.04032714275031211,0.11197645198646697,0.14897959242654527
4,51.671954266894275,53.71052288243703,0.026101821979355233,115610.47090833833,2.495862917171267,0.9887822947266106,0.9981270498155006,1.0203328879387408,0.3144155316064064,-36.28858742490643,-0.018219006400972723,0.02270203073380495,-0.021666514623675887,0.0026913925962071955
5,45.912596813650744,50.97882286217807,0.08972766049503587,-27562.82880087372,5.186640476925474,1.002989342591706,1.0194781619758762,1.1358704324837736,0.4150065317879104,-50.162819718001046,-0.02196254499898227,0.0069220639824419455,-0.018432681927690348,-0.1512720721135712
