,RSI,Ultimate,BandRadius,Chaikin,NATR,SMA_5,SMA_20,SMA_100,SAR,Williams%R,APO,ROC_5,ROC_20,ROC_100
0,43.31369731107291,44.0308429591733,0.034111017694322114,-364021.7703765614,2.7836440034858043,1.0125546077609109,1.0380468296409129,1.0529849645903586,0.5910101780741605,-64.82480073215808,-0.015847883640871564,-0.025827039930149533,-0.04674333373544947,0.008568166743287545
1,56.61798588118357,59.843452335429944,0.061419708464431455,488360.02055638627,3.9674590497821005,0.9752851794038133,0.9736513750272953,1.074633332419942,0.6777659862473633,-18.157075189936368,-0.022162629079470406,0.061278992379785346,0.014984544192898708,-0.09694066271907877
2,19.52367970953815,31.652937899743513,0.09973939131963333,-923639.3206358966,4.968971819940415,1.0501554464486755,1.1557820609120377,1.2477188040226352,0.3847731005196504,-109.20661469541895,-0.07395042027467294,-0.09554229687520883,-0.21122900349323406,-0.15608121933620672
3,55.494491557510315,50.79988596873827,0.01836049534302995,-39238.3579882245,2.1146884413304976,0.9999575082599431,0.9873473414090417,0.9355467605562641,0.5103522549917774,-44.03159072159191,0.0145706450694237,0.0014233522947466044,0.03968985796387885,0.1634770943839578
4,63.51013372442801,59.002725815757884,0.029527950343486428,397453.03773020953,2.565586031833251,0.9820658951022387,0.9510744051543878,0.9222149095671786,0.5136300956850365,-20.030189347600412,0.01728084914751951,0.04363241382050791,0.08244712502075313,0.15243418121356017
