,RSI,Ultimate,BandRadius,Chaikin,NATR,SMA_5,SMA_20,SMA_100,SAR,Williams%R,APO,ROC_5,ROC_20,ROC_100
0,49.87991116631521,-2.6987995332387076,0.018094248807706,-3603023945.400761,34.451474533119246,1.0023676855489694,1.0029841956643213,0.9880407190483853,0.891806939967029,-399.51390647351275,0.0016835637120469898,-0.004621061086850638,0.0015202714903040752,0.039581953671069633
1,52.712668524622345,22.16667291965887,0.036257396315528156,-1094660800.5904443,12.24409122697826,0.9971981789158774,0.9919655265354682,0.9948050317020429,1.7214336010884086,-133.6175405424033,0.002593874554017524,0.010041994768569118,0.025787746560045156,0.07083301795372117
2,16.529652329588536,25.036367421519103,0.08730475660671393,1110540537.2009344,-1.0378961844152208,1.009460386498782,1.1325325336352816,1.5277216634419335,3.4098641465231534,75.47898042973776,-0.12681500917463914,-0.022559302963462338,-0.27010530459082555,-0.6232249560046834
3,41.15871186366658,-1.841522878594274,0.027726212420401394,-3059825487.651762,30.729234796299522,1.0094496822988375,1.03845264793817,1.0926948969777088,1.242120137476002,-351.8313521090291,-0.023979425676739715,-0.02072344236716086,-0.0636970196189683,-0.0870348769336107
4,59.980676922767806,37.25099828283864,0.034960921403217146,125410160.84028101,-0.23394975181679456,0.9992925241723527,0.9664674717650003,0.876315519323443,1.8736692665848507,-7.352878017037426,0.0324993561186779,0.00975234016529172,0.0964519741066517,0.26644473319308365
5,42.096731956944794,22.04036758913874,0.0393807436028251,-574606867.7640045,7.81033825141756,1.0171706640665144,1.0394037989553182,1.0551781038485981,1.93383846148972,-101.03256413928119,-0.013205247595106913,-0.03247752994267931,-0.037283571120232784,0.027413066249215898
6,59.061986287097454,38.70655360636206,0.05101964651460009,358055347.5666213,-0.08674935359609748,0.9794112078809378,0.9624071970507927,1.0083881260361427,2.272240949676455,35.513087811365835,0.001849273947374842,0.0495901302533168,0.05971592854477244,0.05139203008655275
7,58.94191083129688,5.656325664738058,0.021350109573469337,-3168594688.673258,30.41711357419451,0.9859426964831426,0.9632526049055438,0.9407883963803905,0.9962027547416388,-336.75909865680154,0.01484023534192145,0.03163238105752343,0.05866703203273817,0.08878725145504737
