,RSI,Ultimate,BandRadius,Chaikin,NATR,SMA_5,SMA_20,SMA_100,SAR,Williams%R,APO,ROC_5,ROC_20,ROC_100
0,52.26969001051909,17.036557575275033,0.03166191959430311,-349499546.53324085,10.812062070104481,1.0016979206365488,0.9966499494340211,0.9692441619039932,0.6786910604459129,-132.0645242688105,0.006374942482385641,1.597885862970579e-05,0.023631782045468976,0.11609039632146541
1,55.32785236112406,6.099965926853024,0.028698310211946156,-821897897.01425,21.346715485223385,0.9894648549123795,0.978666738413963,0.9819431587749115,0.831447529975981,-227.54005384578184,0.004049244707012684,0.024052192443012967,0.031988200135622695,0.04508195222238143
2,42.54440964856778,5.641511122672803,0.029870934215203516,-558329059.4089735,15.180382593540612,1.0169076762640765,1.0406030925930982,1.03705838097819,0.6636884798072357,-198.63849469852119,-0.012609050200903929,-0.03399612574162989,-0.04526578820634156,0.02491276868544668
3,58.265886829986975,34.54462588219141,0.038960939057212284,138414528.8953818,0.7773454273495055,0.9941649822251764,0.9718454975379631,0.9256356016142901,0.6730462130134233,-10.21672844976348,0.01844725729410344,0.018671332647848378,0.0695543329715923,0.20201851637474055
4,51.34553589490681,-5.676625844292712,0.018444732189703883,-1108347635.9943335,26.285254830882536,0.9995923662362829,0.9961418452574823,0.9777490265870838,0.7013435619134194,-304.8893857058472,0.004219296405396409,0.0010315649383265762,0.010425835763675805,0.049173753063065886
5,55.746334080336055,40.48139890736121,0.08128286498757266,87577382.6970712,8.59986207634331,0.9633177619348335,0.9778809892477954,1.1758642032959499,1.6026997028143373,7.731564917249301,-0.04398194399060836,0.08315665871195575,-0.00879146257948635,-0.23102703536851477
6,30.004431025813815,28.18872579056304,0.0817889062165768,189725064.23741806,5.819247520495459,1.0118674946801773,1.0991665152597498,1.3191457358884333,1.40365185254633,-26.02710270463527,-0.08541838032668919,-0.021470971116878863,-0.17630966478130752,-0.36018901040574547
