,RSI,Ultimate,BandRadius,Chaikin,NATR,SMA_5,SMA_20,SMA_100,SAR,Williams%R,APO,ROC_5,ROC_20,ROC_100
0,55.58460392098515,9.672091751001217,0.026180547155725084,-100179409.63822138,7.113278775270959,0.9927034274138632,0.9908987652757426,0.9825777198539187,0.17908417639038599,-107.23094285364247,-0.0030034649260472822,0.01663567002753863,0.010014190442321423,0.0548371527784489
1,52.815699625429694,-1.5658793333498555,0.020559366861508832,-558587751.372751,19.53203533207884,0.9960126676074806,0.9991218589514019,0.9776591766054061,0.5438864434065122,-320.48277006647186,-0.004186873653896182,0.008222134916675576,-0.0027370511808713846,0.0782775903694385
2,59.52138968852546,-2.722324885898859,0.011574534110569972,-646243899.1707978,21.309623789115072,0.9965130318616445,0.9817457649870731,0.9269964147463977,0.6014944998712108,-359.5187003011563,0.01419174351709216,0.008392914647888706,0.03981576504381441,0.15714917779334442
3,64.5609590560086,11.432545116303356,0.01643027158536251,-67369394.05534157,5.470702807143877,0.9933386895426827,0.9677622078253911,0.9200625598631806,0.13734891355383133,-92.26483133564139,0.02091659835508035,0.017391463304579795,0.06697210191348642,0.14846844008117627
4,48.507416491417686,4.085663920139624,0.02505810068198747,-143514880.28969908,8.426188546164706,1.0080871437044525,1.015915933129436,0.9921800382353839,0.21220500990095598,-163.91322404176663,-0.002368264827690785,-0.014859519558021967,-0.012457164832378263,0.06013216855299948
5,16.719246912592652,5.49894830185804,0.06556562108325391,66450608.15370464,5.560557393955846,1.0038435401393477,1.097297501898166,1.229806452300494,0.10347707578487769,-66.41658408597286,-0.09090413269885637,-0.012664569777392238,-0.21688323260481107,-0.3067914348571592
6,57.21754438407348,2.808111335111321,0.01718581216135797,-353697098.27462995,13.592389053120442,0.9989854894480439,0.9890877190824944,0.9470167463034859,0.3716556184621138,-234.93100580518535,0.009992394284955141,0.004003437331790502,0.029010113755121553,0.12240749231831795
