,RSI,Ultimate,BandRadius,Chaikin,NATR,SMA_5,SMA_20,SMA_100,SAR,Williams%R,APO,ROC_5,ROC_20,ROC_100
0,59.411151176494506,60.10261707431686,0.016895037542776492,417021.3755639629,1.4020417302875927,0.9911853702926111,0.973043338271395,0.9664505961883105,1.334813489078008,-24.313452682760968,0.010093248976858357,0.021157151437748867,0.04246046173577106,0.03377517911014989
1,35.871886614609856,32.67217507291443,0.02488179449034719,-755545.453809625,1.7778721513357134,1.0158060326194969,1.0441713380594626,1.058089418393734,1.1287132644925642,-87.89591945871297,-0.015303584196758112,-0.03436635040359228,-0.059304209069820917,-0.028900705012759497
2,54.29388990846057,37.734288017945396,0.024601679190458255,-1187579.2322530404,1.6721554892498423,1.0000528416134908,0.991901929914338,0.9481762292396759,0.7915364647054637,-50.7684033777067,0.012200165975688003,0.0006759456792654416,0.03192437185706071,0.10688305150115648
3,53.679849125430074,49.541820817111585,0.03098537178069706,-322796.1198082515,1.9858049212615603,0.9915565629606502,0.9880797158199618,1.0087689587757125,1.1936143802733936,-35.22045433842516,-0.0024829972049569228,0.018521860400474755,0.012447127907881644,-0.011399510927961513
4,46.70283774589213,48.22897537760179,0.01735732729871864,60450.751189725415,1.4552234741393213,1.005521308185876,1.011635611714509,1.0152322851914137,1.3057571281394205,-58.33970625840565,-0.0028585031953539093,-0.0106498056461522,-0.012485926693073206,-0.0025110836168773065
5,47.34491365995941,52.75315810975741,0.046370502464551266,18322.875145826343,2.678154129153522,0.9856334181045795,1.0001158717397196,1.1043466010231582,1.5029298624827951,-32.130760047804884,-0.027297587458979318,0.02951062217327659,-0.03512571110038409,-0.16459254016488348
