,RSI,Ultimate,BandRadius,Chaikin,NATR,SMA_5,SMA_20,SMA_100,SAR,Williams%R,APO,ROC_5,ROC_20,ROC_100
0,52.605089897248725,51.309829238237285,0.03518608637650682,1485036.5482201774,3.6065892017403005,1.0043239635184646,0.9998334765015705,0.8926697575407203,0.3619660241056275,-54.02573181714811,0.010382452751901375,-0.005323440001104189,0.02536907344171031,0.3295043364455749
1,62.35191933381889,52.832162442449814,0.024234839065933798,1103475.2024489217,2.71377598653297,0.991147049561459,0.9672960077123559,0.9111518655706421,1.4606111845959697,-31.054173099437342,0.02103721027083348,0.021195191911529365,0.0729718882835288,0.14992128027109522
2,67.75089272232557,60.80347033825987,0.044173946776154924,7964939.758348665,3.2203693231532844,0.9745818622912192,0.9278748023518137,0.8702856659788923,0.47153019435982046,-13.713561951422193,0.02875254415568772,0.06105529331083012,0.1274512076985912,0.23469967474701534
3,41.44120898966351,44.63134144212455,0.05265413613166165,-5573657.92080618,5.276963720441029,1.0097790694600532,1.0413564105004365,1.2378579087889736,1.0772095613767634,-67.70831004961833,-0.036969543169560415,-0.021547550186445476,-0.09096340010201666,-0.24920744427163455
4,53.8439251760799,53.103595337135594,0.04993486062121962,1925677.4784520033,4.543257203426528,0.9876159679721424,0.9715219966640298,0.9931895396615469,1.1228722560708642,-33.09112308163013,0.005462784913016055,0.03182253306837538,0.04175180050861642,0.04506584147121157
5,45.93223562281323,46.80220541655761,0.02699177470078168,-2564708.2536591995,3.2949247610680548,1.008757573221386,1.0162047931243845,1.0466388932681097,0.6916935409704341,-62.31445045671128,-0.0047637268770221765,-0.015006584948541853,-0.016280003729803323,-0.03551741255922283
6,34.62856559163636,40.568283842469896,0.06305135377749742,-7021980.989169134,4.494164531269918,1.0330150470080268,1.1001912163262606,1.1159351017346302,0.893729204019556,-85.96032483572307,-0.03444388920236222,-0.07006174060532641,-0.11972222710414424,-0.04739414538784542
