,RSI,Ultimate,BandRadius,Chaikin,NATR,SMA_5,SMA_20,SMA_100,SAR,Williams%R,APO,ROC_5,ROC_20,ROC_100
0,57.2586369331134,1.341100535283593,0.016948471454875314,-312737921.4819731,12.295392702028556,0.9996028369470223,0.9848342808587078,0.9291302959610745,0.4423689742178066,-195.70184561681916,0.015940596021032115,0.002594331892367937,0.0413117854960061,0.1573026284660542
1,27.43912235409279,11.543886043324804,0.0746197517452391,4541768.658663183,5.5836369813671896,0.9991342440791824,1.0854754913418292,1.2623903892567736,0.19137681490154865,-52.29540157157312,-0.09158143902046129,0.0038032485540657876,-0.1876382153216757,-0.3374783904099399
2,68.35953219867676,16.84451104463538,0.020025339311920826,-13269543.426906288,3.749747474004617,0.9829196764900004,0.9436569415839197,0.8875621661131468,0.11236803254063912,-44.72413981261106,0.02822763986875258,0.04006794173801578,0.1021287630661569,0.19891028162887756
3,55.30166527957644,9.005341127725384,0.027238125286889663,-88276638.05329779,6.389094576904087,0.9990538973858595,0.9933365249088784,0.9633969317787415,0.20996733487181668,-104.12406493412612,0.004964540092613286,0.005306194852579918,0.023559468816174014,0.11151324478815959
4,47.42408339650924,0.7911306168293684,0.030307538362705822,-277859306.4184258,11.904050615585117,1.0044636773893303,1.0197046038965218,1.0173121169673867,0.4276366548942206,-187.54159313545043,-0.012143002126494402,-0.00787102707233547,-0.02749726772203156,0.03399233546022848
5,49.81970740094215,-5.8927591617702,0.025681945842321616,-593592744.9430001,20.369384393031225,0.9921627467794875,1.0026205549593394,1.020126133701729,0.7715806294506213,-286.47265349240115,-0.014230490880365577,0.015208461990342457,-0.020800746225955104,-0.002714309275729382
