,RSI,Ultimate,BandRadius,Chaikin,NATR,SMA_5,SMA_20,SMA_100,SAR,Williams%R,APO,ROC_5,ROC_20,ROC_100
0,58.67322945148538,57.39215720407936,0.041887298815104515,810646.9992073908,3.3275777743852464,0.9807785017881644,0.9646311269869657,0.9777073181491482,0.7506258779006655,-24.67640695655132,0.0018213107521977264,0.0452092771122563,0.05085468558638631,0.07662982669385288
1,33.05725139071292,40.919569122979,0.10756423696777495,-2511897.9031425826,5.156896126214276,1.0361718733791738,1.1066497427044155,1.1515507043131876,0.33116413459967436,-80.75189338913063,-0.04909669436210128,-0.06004616476866206,-0.13337537196497182,-0.019540231978542155
2,43.0378332831276,44.85702187704096,0.037856697775466394,-1123898.3476766848,3.175658977726853,1.0164148736681387,1.042813945600265,1.0462346833908922,0.8787713533898224,-66.7377972655214,-0.014457575169145174,-0.03257100877035079,-0.05018313103202218,0.02870541230159898
3,57.94104525373068,53.87117073120049,0.02167384500385984,477580.62212940154,2.5674774447127264,0.9953157457077744,0.9747830690024224,0.9195877957903509,0.7576317800837374,-37.38832317236123,0.018448234744687476,0.012275749320173295,0.05876589497150245,0.1861897874574529
