,RSI,Ultimate,BandRadius,Chaikin,NATR,SMA_5,SMA_20,SMA_100,SAR,Williams%R,APO,ROC_5,ROC_20,ROC_100
0,61.212689885020666,4.043718885374626,0.01237018497841506,-238392858.8918287,10.158555693781015,0.9977958509249141,0.9822451067900307,0.9397419707159475,0.6045397324316524,-217.62157860101792,0.014501750791730921,0.006652236731029225,0.04028806934722602,0.11389697613589811
1,46.91970577930904,-2.750007723537317,0.014574164597245243,-803086577.6432354,27.004423949418793,1.0014250770826851,1.0089044345412415,1.018985592928812,1.235678156353937,-536.680597238985,-0.006262264917338578,-0.00328643593845974,-0.016062180687370593,-0.017710676572376127
2,53.46263837832756,7.795199062387841,0.022907357231897685,-47352355.47557104,4.873749762006458,0.9984736088920368,1.0011620959214351,0.9885230789394114,0.42245492179177785,-88.07727273597092,-0.0033699296636777788,0.004367764762705353,-0.000873965285568613,0.05242958074834047
3,53.22548126004522,0.1558453615468003,0.013055179827348412,-620018665.3367231,21.50322392764214,0.9978574980734262,0.9953920263707938,0.9886105623550245,1.0303986706439532,-429.74327641373,0.001349975577612519,0.004793746452719052,0.007671208922467204,0.028755932939865274
4,51.38196707123217,5.314326878074983,0.02203354136918939,-134934187.0968823,7.458222025642262,1.0023819142996626,1.0068181125210707,0.9915597901759521,0.5144825711274124,-147.8285012107927,-0.0024997418336099825,-0.00358052984524831,-0.004968562930908834,0.04935227715885383
5,14.558594980126045,13.328255260653032,0.059311139641056415,52591333.22272009,3.248523410496409,1.0051855925254645,1.0889998638898761,1.2206447160138831,0.41246703374174803,36.29495077127979,-0.08043111433524906,-0.014540463094418976,-0.18789255427604648,-0.2680221955635141
