,RSI,Ultimate,BandRadius,Chaikin,NATR,SMA_5,SMA_20,SMA_100,SAR,Williams%R,APO,ROC_5,ROC_20,ROC_100
0,58.08095074801751,54.31946676153701,0.06876037071791431,45798256.46772714,7.941048912900143,1.0001870797864265,0.9651215091171088,0.5838683929283017,0.049470936061970505,-43.49972337379328,0.055794022015710085,0.006701541465258788,0.17879420378975092,3.2454324172063598
1,54.16474569747637,53.26798593788395,0.05413485282459289,10160225.758053001,5.685071738898994,0.9839347181870819,0.9601026586999023,1.0832389073890383,1.287252195504286,-34.24600255086739,0.012326582197825306,0.03941931034070832,0.08820677088352616,-0.1769737495478667
2,51.533511235819375,48.12549136094436,0.10218377410717126,-9918781.307803579,10.049213517511404,1.034053204934051,1.0005216243787758,0.9037309811443434,4.329480975662316,-64.64972404432089,0.052783042270622076,-0.053845298449224976,0.11367605102387418,0.41140038047988814
3,31.28780918183863,40.73261562794781,0.12298508035882133,-19602424.12261003,11.451706081100884,1.037674763742149,1.2593229201589902,1.6897274000052287,5.88282859423451,-74.29259860464781,-0.21279715269582516,-0.07777512276184233,-0.3474528544933515,-0.22285319496873757
4,75.33255894047714,65.56096823327141,0.13250834210143927,180466266.17114085,7.2725522076235025,0.9374793872149488,0.7587325107690448,0.4443198927561133,0.08774712954326169,-17.25622206171304,0.11635270124908269,0.2292215562643427,0.7180235326124857,4.606468522709291
5,65.80447467458092,56.920573560907094,0.12530096223977769,22230832.796417896,7.834386074538879,0.9397424682273574,0.8169550903104978,0.8681700595331159,3.3620012374222963,-21.813204414291217,0.07861042764042714,0.19102454194707263,0.4767114024008113,0.304867599865671
6,39.07639349728031,42.25877060463286,0.06792493518631734,-17591992.257472154,7.049666687484439,1.0321814236661064,1.1022245912238693,1.2154647408778947,1.4361257848930946,-78.05325789266126,-0.0451917871939442,-0.06204042496443449,-0.13097729009786707,-0.09196140043204581
