,RSI,Ultimate,BandRadius,Chaikin,NATR,SMA_5,SMA_20,SMA_100,SAR,Williams%R,APO,ROC_5,ROC_20,ROC_100
0,67.93516084514486,61.12627568000889,0.12085296317289376,76368751.20489767,7.805170538646418,0.9334787912416814,0.8198594638037293,0.7130489649872983,2.1954156143170125,-19.32645069930372,0.06959337071041104,0.1978672467699485,0.4564640789078272,1.8492628019587518
1,38.3296205395322,42.970731815555084,0.12028105279834819,-13877450.86968299,10.191539282305607,1.0455529064728262,1.1666668907978321,1.337023818946225,4.193616162662234,-73.83291134677951,-0.08657195251334592,-0.07629881327050236,-0.15510139328311018,0.057170836997336716
2,49.59847269873883,48.86608036791748,0.054502990743569485,-4017755.5885010585,6.684752933889797,0.9914278923508298,0.9964438862782249,1.1175141990846629,1.9002574824349816,-49.655960910631,-0.017601814750667733,0.019224233010133335,0.02205004400814431,0.21502581148127387
3,56.501283609216294,52.64217461434951,0.07285805208938302,43129681.43849468,7.1144493646839235,1.0196722096529351,0.9607523396610276,0.6989820460788174,0.05142314557815508,-49.39776774629133,0.07664737381983326,-0.019866217648231734,0.23020595726498683,2.0167439735214368
