,RSI,Ultimate,BandRadius,Chaikin,NATR,SMA_5,SMA_20,SMA_100,SAR,Williams%R,APO,ROC_5,ROC_20,ROC_100
0,39.57373587102744,39.95174371357588,0.10743339228476978,-7129681.619844866,7.130104472009482,1.034276846962347,1.133004862829522,1.0456272381165022,0.36609193299608883,-79.10389203979895,-0.05454358500522064,-0.06479634065153045,-0.15452474201419175,0.3844420231354526
1,41.294125897653366,46.143473913926925,0.04868684457963164,-1646432.5975753614,5.362191705223579,1.0188489562697087,1.0592748748580665,1.129142638490576,0.3866362283627525,-74.84152130401975,-0.02910495877122035,-0.040334567983547884,-0.08544490355064177,-0.0030149750000373343
2,60.00001841730767,48.482206651582125,0.05584225553057694,-749669.1231106841,5.748656557981869,0.9962313677970416,0.9529181967051075,0.6901341471899431,0.19328051050729278,-42.75709688984602,0.05705434270909849,0.013463421711444143,0.17910453429502152,1.0808280736699674
3,69.60061907862774,62.42795887128394,0.08530226509715977,7276696.072293396,4.969593537675846,0.9598427376844705,0.8609228179445975,0.8140787881177386,0.371670266477492,-13.734364080154428,0.05855317919952391,0.11732085051387407,0.297224134151786,0.3554039838641895
4,54.0363977625738,51.9658802133246,0.04201381318903295,451417.77475396066,4.877544108404052,0.986959618978649,0.9707661138189894,0.992100468075098,0.5612872627504691,-29.95590641751179,-0.0005732291150898714,0.03444700300029206,0.0338378579162672,0.1101948244830244
