,RSI,Ultimate,BandRadius,Chaikin,NATR,SMA_5,SMA_20,SMA_100,SAR,Williams%R,APO,ROC_5,ROC_20,ROC_100
0,39.59712599675058,45.06945374136309,0.11508068353796017,-1989095.2604846375,7.215142127305894,1.0102027306251256,1.0844782724082882,1.1120301616760397,0.07392239493180752,-69.24333083773405,-0.06565683049415187,-0.007612689076299651,-0.14404342731015435,0.32571472461344464
1,53.70669545235451,53.78702112038097,0.04321874266618471,2048176.9279494963,4.754857558049318,0.9837347529600484,0.9709009342776683,1.027922251136715,0.5224125604797236,-39.303031776232665,-0.0015519766753552232,0.03818983828883825,0.0483772260072017,0.009409624436050812
2,70.3142542426599,59.28408332264331,0.07108628187064417,5288683.441169432,5.052796796076951,0.9578072488252017,0.8638096047586218,0.6845152473108493,0.30652852831951627,-12.588525166579188,0.07006252128806725,0.10708292789771147,0.3078007835315714,0.7847385292433228
3,58.03712297683569,47.03805878826083,0.07446846236393907,-1842122.6544569351,5.981460923721456,1.0123648953037974,0.9714768820863373,0.7073492896832525,0.20918526306731222,-50.16675894991434,0.057265185426362525,-0.00886488180806991,0.17174140302087676,1.011190714586594
4,44.65183947051426,45.92994844463964,0.05007179296574832,-2432504.0965755964,5.474836329122974,1.0176733334452892,1.0470098203150013,1.0692290056716203,0.44043918655519737,-64.31152241416396,-0.01891013453910447,-0.033804931596529024,-0.05993287896638452,0.1156499424507946
