,RSI,Ultimate,BandRadius,Chaikin,NATR,SMA_5,SMA_20,SMA_100,SAR,Williams%R,APO,ROC_5,ROC_20,ROC_100
0,56.83218136576519,-4.016845577114776,0.011044876466914327,-378663555.75532496,11.342702523497115,0.995882306337112,0.9829169048931728,0.9422858287483604,0.6020771016068576,-220.61322742365934,0.011408816909531687,0.009053987842527814,0.032217422591282255,0.11625033534283546
1,57.41810744495713,13.408467089317226,0.020715752082849648,-75551193.88312873,4.240668026172703,0.9998195832474462,0.9838396896918368,0.9428368912083711,0.28407580224518586,-81.56332696016038,0.015433793752806842,0.0036057722185242297,0.0420469189617146,0.11336698646756097
2,46.65153001149734,18.49158481398023,0.03765105679867859,-14101850.029012859,3.3817592333899205,1.0040603831492878,1.0206601760481606,1.0355655641890855,0.23488642206060262,-60.399296999889074,-0.014199644618671108,-0.00600986533709238,-0.0290879007541999,-0.012827362428943181
3,47.98432866342206,2.6839800959254063,0.0261353612572766,-277612803.46084577,9.432304900411426,1.0009046954909206,1.0139537112001114,1.0170593420413958,0.5081899889339541,-181.43069665070504,-0.011458451990894757,-0.0014985596912078895,-0.02402016841119357,0.014736130566292423
4,65.86956998871474,26.07904105085211,0.02607632773226535,-12348633.620588392,2.9679495399664706,0.9760944693658052,0.948384487240861,0.9327603312299542,0.2206587220201705,-12.714974156658286,0.011538216930383934,0.05192659128259109,0.06814760196674856,0.11091310525703263
5,52.807304548541474,3.9211170532866455,0.020347156049112698,-238092601.4147605,8.230144934336433,1.0006856586765844,0.9983671744145837,0.974616547729024,0.45955482634760453,-161.44748830528493,0.003327423135287635,-4.293987019052259e-06,0.010268180743261558,0.07256972998293029
6,10.09468157819127,27.000782895411636,0.09173562923856536,6007564.3730870485,5.000065568611701,1.011307873900838,1.1422854568170102,1.3596764554772174,0.268206522595055,-67.57411356955049,-0.12217038692315084,-0.025994228555192872,-0.28096436078360926,-0.45581934604287466
