,RSI,Ultimate,BandRadius,Chaikin,NATR,SMA_5,SMA_20,SMA_100,SAR,Williams%R,APO,ROC_5,ROC_20,ROC_100
0,750.2837616193957,516.2493399872243,0.05179776489078955,-41288235316716.086,10.745476755149895,1.035236978726824,1.0737577032562302,1.1055343460606328,0.2866914358095109,-1520.4522796834945,0.009745531408932256,0.01430153828884646,0.060730464819616345,0.38966464373788345
1,948.5322688212428,611.1843204685447,0.05265206431109762,591689443934297.5,12.001198225553717,1.0342332658737083,1.064711787076225,1.0580269893970022,0.16467250608910075,-704.8702968238595,0.013147286666072145,0.02024408915642937,0.1095080091369563,1.1593668650123496
2,763.2299616399484,547.5902678531509,0.051285704627436646,116715680088350.47,9.444424190867878,1.035142136071784,1.0733758656018708,1.106538640025415,0.16536331196515935,-1319.0840544491834,0.009833663984189467,0.01454020580655252,0.061747994455574697,0.3785731314953199
3,605.798570408639,490.48901565989894,0.05282479154303095,-192414902085794.78,13.113405141154022,1.0361007739776287,1.0806495907504452,1.118609042859313,0.16449422901271016,-2047.5986412163786,0.007424117366366251,0.010493188313796652,0.03923438321201639,0.4944287367279299
