,RSI,Ultimate,BandRadius,Chaikin,NATR,SMA_5,SMA_20,SMA_100,SAR,Williams%R,APO,ROC_5,ROC_20,ROC_100
0,43.03409592398302,47.07038820312694,0.14135853455810704,-3947613.2425603066,8.433002539108621,1.0129062248347767,1.076429056384082,0.9143595870347894,0.10329163002637616,-66.96709754165411,-0.04826582726118109,0.001262464352269798,-0.030044411113375843,1.081469252232856
1,61.456652630473144,57.93797119356069,0.03579011726801183,17470005.13292694,3.385761822448698,0.9714472726254936,0.9312102280348693,0.9125035856251825,0.1453591178621109,-23.309968426324282,0.018961966668837774,0.06527365008551886,0.11008432881776577,0.24044336700730795
2,51.7962281539664,50.03591329479995,0.028526266860253748,548303.3394277096,3.3759460111610906,1.004000602829206,0.9984657364514047,0.9941438213022601,0.17013779615653696,-48.63271025302811,0.008319126715672406,-0.008607069490279265,0.015615881747881047,0.018642273469440473
3,62.919839381284305,53.69248145109585,0.0693093112946426,11302602.57579143,4.955423799573646,1.0031845214507502,0.9395464926953837,0.728159040952638,0.11052817406188534,-39.53313242674064,0.06939760963297688,0.01661052292644486,0.2417992031551881,1.1009580127763012
4,42.64190347506502,43.572053789513724,0.053644770936580044,-12759212.253480908,4.727179073883538,1.0299759224154013,1.0669582356331093,1.0282708822030915,0.16957700952811047,-71.71657732299185,-0.013391166436790199,-0.05926288641600962,-0.06153134944962341,0.1546603732972504
5,72.52098810533107,63.271901731102,0.07693273721353273,31193169.022123814,4.932161754053882,0.959771740030696,0.8691421848092435,0.6803568984122627,0.08737513675895109,-8.80763494507601,0.0638091589192444,0.11128692186977322,0.30812189350049984,1.1998886035838525
6,51.1623310045341,53.71016245037375,0.05389686592830978,7610560.455981844,4.375547303881332,0.9805930514992238,0.9996081282271415,1.0311534032167384,0.15583786666473898,-38.65957714861636,-0.033242934671605856,0.043446875587954834,-0.03505896464150478,0.036374922736707505
